County Name,Precincts,Voter Registration,Suspense Voters,Non-Suspense Voters
ANDERSON,24,"27,788","3,993","23,795"
ANDREWS,4,"9,204","1,053","8,151"
ANGELINA,47,"50,779","6,744","44,035"
ARANSAS,6,"17,130","3,368","13,762"
ARCHER,14,"6,266",629,"5,637"
ARMSTRONG,9,"1,406",88,"1,318"
ATASCOSA,24,"26,590","2,858","23,732"
AUSTIN,19,"19,112","1,424","17,688"
BAILEY,4,"3,669",478,"3,191"
BANDERA,10,"15,475","1,577","13,898"
BASTROP,21,"45,123","4,604","40,519"
BAYLOR,4,"2,343",266,"2,077"
BEE,17,"15,520","2,018","13,502"
BELL,49,"185,379","31,725","153,654"
BEXAR,701,"1,057,296","174,844","882,452"
BLANCO,8,"8,115",874,"7,241"
BORDEN,10,473,7,466
BOSQUE,16,"11,890","1,429","10,461"
BOWIE,41,"58,158","8,822","49,336"
BRAZORIA,77,"200,830","13,225","187,605"
BRAZOS,105,"105,123","14,365","90,758"
BREWSTER,8,"7,012",590,"6,422"
BRISCOE,6,"1,068",103,965
BROOKS,9,"5,883",932,"4,951"
BROWN,18,"22,939","2,391","20,548"
BURLESON,15,"11,507","1,203","10,304"
BURNET,23,"29,739","3,750","25,989"
CALDWELL,46,"22,862","2,270","20,592"
CALHOUN,25,"12,704",521,"12,183"
CALLAHAN,8,"9,110",862,"8,248"
CAMERON,102,"200,258","19,248","181,010"
CAMP,4,"7,461",447,"7,014"
CARSON,8,"4,199",393,"3,806"
CASS,20,"19,643","1,446","18,197"
CASTRO,8,"3,849",398,"3,451"
CHAMBERS,13,"27,299",961,"26,338"
CHEROKEE,26,"27,640","3,548","24,092"
CHILDRESS,4,"3,493",139,"3,354"
CLAY,16,"7,477",685,"6,792"
COCHRAN,6,"1,720",39,"1,681"
COKE,4,"2,184",35,"2,149"
COLEMAN,5,"5,886",649,"5,237"
COLLIN,209,"548,472","71,024","477,448"
COLLINGSWORTH,8,"1,867",40,"1,827"
COLORADO,12,"13,714","1,209","12,505"
COMAL,24,"94,698","12,277","82,421"
COMANCHE,16,"9,026",8,"9,018"
CONCHO,8,"1,606",182,"1,424"
COOKE,14,"25,064","1,391","23,673"
CORYELL,17,"36,778","8,707","28,071"
COTTLE,5,"1,050",147,903
CRANE,4,"2,634",203,"2,431"
CROCKETT,4,"2,455",253,"2,202"
CROSBY,4,"3,469",301,"3,168"
CULBERSON,5,"1,685",146,"1,539"
DALLAM,9,"3,000",277,"2,723"
DALLAS,797,"1,278,778","179,531","1,099,247"
DAWSON,11,"7,158",347,"6,811"
DEAF SMITH,4,"8,601",631,"7,970"
DELTA,8,"3,785",416,"3,369"
DENTON,158,"471,711","65,821","405,890"
DEWITT,21,"11,575","1,158","10,417"
DICKENS,6,"1,272",9,"1,263"
DIMMIT,7,"7,266",700,"6,566"
DONLEY,6,"2,198",242,"1,956"
DUVAL,11,"8,144",549,"7,595"
EASTLAND,9,"11,440","1,215","10,225"
ECTOR,40,"74,140","8,750","65,390"
EDWARDS,5,"1,450",64,"1,386"
ELLIS,49,"103,425","11,196","92,229"
EL PASO,191,"436,981","20,564","416,417"
ERATH,21,"21,508","3,113","18,395"
FALLS,13,"10,166","1,220","8,946"
FANNIN,18,"20,089","1,638","18,451"
FAYETTE,26,"16,373","1,251","15,122"
FISHER,10,"2,720",74,"2,646"
FLOYD,6,"3,920",244,"3,676"
FOARD,4,901,132,769
FORT BEND,142,"413,446","35,435","378,011"
FRANKLIN,8,"6,643",972,"5,671"
FREESTONE,15,"11,795","1,430","10,365"
FRIO,9,"8,277","1,490","6,787"
GAINES,8,"8,708",344,"8,364"
GALVESTON,175,"207,560","28,749","178,811"
GARZA,6,"2,699",319,"2,380"
GILLESPIE,13,"18,789","1,841","16,948"
GLASSCOCK,4,751,26,725
GOLIAD,11,"5,460",431,"5,029"
GONZALES,15,"12,008","1,312","10,696"
GRAY,7,"12,333",771,"11,562"
GRAYSON,36,"78,018","7,922","70,096"
GREGG,21,"67,857","10,282","57,575"
GRIMES,14,"15,804","1,522","14,282"
GUADALUPE,69,"95,185","12,856","82,329"
HALE,30,"18,775","1,165","17,610"
HALL,7,"1,950",269,"1,681"
HAMILTON,10,"5,437",277,"5,160"
HANSFORD,8,"3,012",340,"2,672"
HARDEMAN,5,"2,446",244,"2,202"
HARDIN,19,"38,013","1,087","36,926"
HARRIS,"1,012","2,248,921","128,491","2,120,430"
HARRISON,27,"43,910","3,379","40,531"
HARTLEY,6,"2,869",466,"2,403"
HASKELL,10,"3,259",311,"2,948"
HAYS,50,"121,518","17,805","103,713"
HEMPHILL,8,"2,308",208,"2,100"
HENDERSON,27,"50,318","4,966","45,352"
HIDALGO,255,"347,328","18,488","328,840"
HILL,23,"22,210","1,181","21,029"
HOCKLEY,14,"13,393","1,684","11,709"
HOOD,16,"38,869","4,302","34,567"
HOPKINS,21,"22,256",552,"21,704"
HOUSTON,21,"12,908","1,240","11,668"
HOWARD,24,"16,720","1,934","14,786"
HUDSPETH,5,"1,832",92,"1,740"
HUNT,39,"52,926","7,277","45,649"
HUTCHINSON,8,"13,445",768,"12,677"
IRION,6,"1,273",189,"1,084"
JACK,6,"5,009",245,"4,764"
JACKSON,9,"9,068","1,010","8,058"
JASPER,20,"22,356","2,583","19,773"
JEFF DAVIS,5,"1,682",103,"1,579"
JEFFERSON,109,"146,724","18,615","128,109"
JIM HOGG,5,"3,824",325,"3,499"
JIM WELLS,21,"26,162","1,018","25,144"
JOHNSON,36,"93,488","5,641","87,847"
JONES,25,"9,869",621,"9,248"
KARNES,15,"7,798",680,"7,118"
KAUFMAN,30,"68,939","9,497","59,442"
KENDALL,11,"29,568","1,216","28,352"
KENEDY,6,288,33,255
KENT,6,596,33,563
KERR,21,"34,589","4,545","30,044"
KIMBLE,7,"2,838",253,"2,585"
KING,4,180,16,164
KINNEY,4,"2,236",110,"2,126"
KLEBERG,20,"17,675",844,"16,831"
KNOX,11,"2,453",297,"2,156"
LAMAR,33,"31,005","3,398","27,607"
LAMB,12,"7,999",881,"7,118"
LAMPASAS,10,"13,580","1,213","12,367"
LASALLE,7,"4,141",227,"3,914"
LAVACA,19,"13,071","1,184","11,887"
LEE,15,"10,235",958,"9,277"
LEON,17,"10,917",737,"10,180"
LIBERTY,36,"43,109","4,197","38,912"
LIMESTONE,22,"13,424","1,876","11,548"
LIPSCOMB,9,"2,004",160,"1,844"
LIVE OAK,14,"7,130",867,"6,263"
LLANO,9,"15,051","1,900","13,151"
LOVING,4,114,12,102
LUBBOCK,96,"168,239","15,507","152,732"
LYNN,14,"3,870",214,"3,656"
MADISON,4,"7,205",751,"6,454"
MARION,10,"7,239",463,"6,776"
MARTIN,6,"3,167",279,"2,888"
MASON,4,"2,911",220,"2,691"
MATAGORDA,18,"21,338","1,354","19,984"
MAVERICK,14,"30,208","1,206","29,002"
MCCULLOCH,10,"5,181",611,"4,570"
MCLENNAN,91,"133,667","12,809","120,858"
MCMULLEN,6,700,52,648
MEDINA,22,"30,202","1,224","28,978"
MENARD,6,"1,423",59,"1,364"
MIDLAND,45,"81,180","10,124","71,056"
MILAM,11,"14,574",850,"13,724"
MILLS,10,"3,400",267,"3,133"
MITCHELL,6,"4,483",395,"4,088"
MONTAGUE,15,"13,188","1,552","11,636"
MONTGOMERY,89,"318,611","30,853","287,758"
MOORE,7,"9,629",794,"8,835"
MORRIS,8,"8,232",526,"7,706"
MOTLEY,6,867,14,853
NACOGDOCHES,24,"34,713","4,493","30,220"
NAVARRO,34,"27,822","3,249","24,573"
NEWTON,22,"9,208",937,"8,271"
NOLAN,14,"8,624","1,114","7,510"
NUECES,127,"197,853","25,093","172,760"
OCHILTREE,4,"5,160",672,"4,488"
OLDHAM,7,"1,384",135,"1,249"
ORANGE,34,"52,762","6,621","46,141"
PALO PINTO,30,"17,462","2,337","15,125"
PANOLA,20,"16,141","1,477","14,664"
PARKER,44,"87,052","9,682","77,370"
PARMER,12,"4,374",225,"4,149"
PECOS,9,"8,099",982,"7,117"
POLK,21,"37,482","5,507","31,975"
POTTER,25,"54,091","9,036","45,055"
PRESIDIO,7,"4,809",540,"4,269"
RAINS,15,"7,299",459,"6,840"
RANDALL,29,"85,513","11,457","74,056"
REAGAN,4,"1,831",114,"1,717"
REAL,7,"2,482",174,"2,308"
RED RIVER,25,"8,183",809,"7,374"
REEVES,11,"6,961",485,"6,476"
REFUGIO,10,"4,996",405,"4,591"
ROBERTS,5,711,58,653
ROBERTSON,16,"11,386","1,190","10,196"
ROCKWALL,17,"60,095","3,090","57,005"
RUNNELS,10,"6,627",460,"6,167"
RUSK,22,"30,760","4,277","26,483"
SABINE,10,"7,575",372,"7,203"
SAN AUGUSTINE,11,"5,988",644,"5,344"
SAN JACINTO,11,"17,479","1,746","15,733"
SAN PATRICIO,35,"41,045","3,926","37,119"
SAN SABA,7,"3,679",410,"3,269"
SCHLEICHER,4,"1,773",377,"1,396"
SCURRY,11,"9,263","1,290","7,973"
SHACKELFORD,7,"2,273",164,"2,109"
SHELBY,14,"14,960","1,053","13,907"
SHERMAN,7,"1,500",113,"1,387"
SMITH,73,"131,234","4,174","127,060"
SOMERVELL,8,"6,082",667,"5,415"
STARR,10,"32,220",763,"31,457"
STEPHENS,9,"5,509",761,"4,748"
STERLING,4,896,32,864
STONEWALL,9,946,7,939
SUTTON,8,"2,464",365,"2,099"
SWISHER,8,"3,934",462,"3,472"
TARRANT,694,"1,091,026","151,743","939,283"
TAYLOR,34,"77,233","13,897","63,336"
TERRELL,4,678,70,608
TERRY,8,"6,603","1,034","5,569"
THROCKMORTON,5,"1,195",200,995
TITUS,19,"16,589",863,"15,726"
TOM GREEN,34,"64,308","10,173","54,135"
TRAVIS,247,"730,218","35,349","694,869"
TRINITY,20,"11,414","1,226","10,188"
TYLER,17,"13,514",346,"13,168"
UPSHUR,21,"27,256","3,597","23,659"
UPTON,6,"2,107",35,"2,072"
UVALDE,14,"16,820","1,907","14,913"
VAL VERDE,17,"27,230","3,927","23,303"
VAN ZANDT,20,"36,177","2,015","34,162"
VICTORIA,35,"54,332","6,943","47,389"
WALKER,16,"31,835","4,264","27,571"
WALLER,21,"30,984","3,919","27,065"
WARD,8,"6,391",268,"6,123"
WASHINGTON,21,"22,633","2,425","20,208"
WEBB,68,"125,473","5,874","119,599"
WHARTON,34,"24,795","2,237","22,558"
WHEELER,10,"3,413",263,"3,150"
WICHITA,59,"79,907","11,249","68,658"
WILBARGER,5,"7,961",5,"7,956"
WILLACY,1,"12,467",443,"12,024"
WILLIAMSON,88,"313,033","41,060","271,973"
WILSON,24,"31,428","2,941","28,487"
WINKLER,5,"3,783",132,"3,651"
WISE,25,"39,850","4,692","35,158"
WOOD,14,"29,511","2,990","26,521"
YOAKUM,6,"4,190",133,"4,057"
YOUNG,9,"11,690","1,720","9,970"
ZAPATA,7,"7,508",285,"7,223"
ZAVALA,6,"8,047",399,"7,648"
Statewide Total,"9,097","15,182,885","1,588,895","13,593,990"