,county,registered
0,ANDERSON,27788
1,ANDREWS,9204
2,ANGELINA,50779
3,ARANSAS,17130
4,ARCHER,6266
5,ARMSTRONG,1406
6,ATASCOSA,26590
7,AUSTIN,19112
8,BAILEY,3669
9,BANDERA,15475
10,BASTROP,45123
11,BAYLOR,2343
12,BEE,15520
13,BELL,185379
14,BEXAR,1057296
15,BLANCO,8115
16,BORDEN,473
17,BOSQUE,11890
18,BOWIE,58158
19,BRAZORIA,200830
20,BRAZOS,105123
21,BREWSTER,7012
22,BRISCOE,1068
23,BROOKS,5883
24,BROWN,22939
25,BURLESON,11507
26,BURNET,29739
27,CALDWELL,22862
28,CALHOUN,12704
29,CALLAHAN,9110
30,CAMERON,200258
31,CAMP,7461
32,CARSON,4199
33,CASS,19643
34,CASTRO,3849
35,CHAMBERS,27299
36,CHEROKEE,27640
37,CHILDRESS,3493
38,CLAY,7477
39,COCHRAN,1720
40,COKE,2184
41,COLEMAN,5886
42,COLLIN,548472
43,COLLINGSWORTH,1867
44,COLORADO,13714
45,COMAL,94698
46,COMANCHE,9026
47,CONCHO,1606
48,COOKE,25064
49,CORYELL,36778
50,COTTLE,1050
51,CRANE,2634
52,CROCKETT,2455
53,CROSBY,3469
54,CULBERSON,1685
55,DALLAM,3000
56,DALLAS,1278778
57,DAWSON,7158
58,DEAF SMITH,8601
59,DELTA,3785
60,DENTON,471711
61,DEWITT,11575
62,DICKENS,1272
63,DIMMIT,7266
64,DONLEY,2198
65,DUVAL,8144
66,EASTLAND,11440
67,ECTOR,74140
68,EDWARDS,1450
69,ELLIS,103425
70,EL PASO,436981
71,ERATH,21508
72,FALLS,10166
73,FANNIN,20089
74,FAYETTE,16373
75,FISHER,2720
76,FLOYD,3920
77,FOARD,901
78,FORT BEND,413446
79,FRANKLIN,6643
80,FREESTONE,11795
81,FRIO,8277
82,GAINES,8708
83,GALVESTON,207560
84,GARZA,2699
85,GILLESPIE,18789
86,GLASSCOCK,751
87,GOLIAD,5460
88,GONZALES,12008
89,GRAY,12333
90,GRAYSON,78018
91,GREGG,67857
92,GRIMES,15804
93,GUADALUPE,95185
94,HALE,18775
95,HALL,1950
96,HAMILTON,5437
97,HANSFORD,3012
98,HARDEMAN,2446
99,HARDIN,38013
100,HARRIS,2248921
101,HARRISON,43910
102,HARTLEY,2869
103,HASKELL,3259
104,HAYS,121518
105,HEMPHILL,2308
106,HENDERSON,50318
107,HIDALGO,347328
108,HILL,22210
109,HOCKLEY,13393
110,HOOD,38869
111,HOPKINS,22256
112,HOUSTON,12908
113,HOWARD,16720
114,HUDSPETH,1832
115,HUNT,52926
116,HUTCHINSON,13445
117,IRION,1273
118,JACK,5009
119,JACKSON,9068
120,JASPER,22356
121,JEFF DAVIS,1682
122,JEFFERSON,146724
123,JIM HOGG,3824
124,JIM WELLS,26162
125,JOHNSON,93488
126,JONES,9869
127,KARNES,7798
128,KAUFMAN,68939
129,KENDALL,29568
130,KENEDY,288
131,KENT,596
132,KERR,34589
133,KIMBLE,2838
134,KING,180
135,KINNEY,2236
136,KLEBERG,17675
137,KNOX,2453
138,LAMAR,31005
139,LAMB,7999
140,LAMPASAS,13580
141,LASALLE,4141
142,LAVACA,13071
143,LEE,10235
144,LEON,10917
145,LIBERTY,43109
146,LIMESTONE,13424
147,LIPSCOMB,2004
148,LIVE OAK,7130
149,LLANO,15051
150,LOVING,114
151,LUBBOCK,168239
152,LYNN,3870
153,MADISON,7205
154,MARION,7239
155,MARTIN,3167
156,MASON,2911
157,MATAGORDA,21338
158,MAVERICK,30208
159,MCCULLOCH,5181
160,MCLENNAN,133667
161,MCMULLEN,700
162,MEDINA,30202
163,MENARD,1423
164,MIDLAND,81180
165,MILAM,14574
166,MILLS,3400
167,MITCHELL,4483
168,MONTAGUE,13188
169,MONTGOMERY,318611
170,MOORE,9629
171,MORRIS,8232
172,MOTLEY,867
173,NACOGDOCHES,34713
174,NAVARRO,27822
175,NEWTON,9208
176,NOLAN,8624
177,NUECES,197853
178,OCHILTREE,5160
179,OLDHAM,1384
180,ORANGE,52762
181,PALO PINTO,17462
182,PANOLA,16141
183,PARKER,87052
184,PARMER,4374
185,PECOS,8099
186,POLK,37482
187,POTTER,54091
188,PRESIDIO,4809
189,RAINS,7299
190,RANDALL,85513
191,REAGAN,1831
192,REAL,2482
193,RED RIVER,8183
194,REEVES,6961
195,REFUGIO,4996
196,ROBERTS,711
197,ROBERTSON,11386
198,ROCKWALL,60095
199,RUNNELS,6627
200,RUSK,30760
201,SABINE,7575
202,SAN AUGUSTINE,5988
203,SAN JACINTO,17479
204,SAN PATRICIO,41045
205,SAN SABA,3679
206,SCHLEICHER,1773
207,SCURRY,9263
208,SHACKELFORD,2273
209,SHELBY,14960
210,SHERMAN,1500
211,SMITH,131234
212,SOMERVELL,6082
213,STARR,32220
214,STEPHENS,5509
215,STERLING,896
216,STONEWALL,946
217,SUTTON,2464
218,SWISHER,3934
219,TARRANT,1091026
220,TAYLOR,77233
221,TERRELL,678
222,TERRY,6603
223,THROCKMORTON,1195
224,TITUS,16589
225,TOM GREEN,64308
226,TRAVIS,730218
227,TRINITY,11414
228,TYLER,13514
229,UPSHUR,27256
230,UPTON,2107
231,UVALDE,16820
232,VAL VERDE,27230
233,VAN ZANDT,36177
234,VICTORIA,54332
235,WALKER,31835
236,WALLER,30984
237,WARD,6391
238,WASHINGTON,22633
239,WEBB,125473
240,WHARTON,24795
241,WHEELER,3413
242,WICHITA,79907
243,WILBARGER,7961
244,WILLACY,12467
245,WILLIAMSON,313033
246,WILSON,31428
247,WINKLER,3783
248,WISE,39850
249,WOOD,29511
250,YOAKUM,4190
251,YOUNG,11690
252,ZAPATA,7508
253,ZAVALA,8047
254,Statewide Total,15182885
