,county,turnout
0,ANDERSON,4718
1,ANDREWS,1079
2,ANGELINA,5963
3,ARANSAS,1266
4,ARCHER,941
5,ARMSTRONG,266
6,ATASCOSA,3284
7,AUSTIN,2991
8,BAILEY,575
9,BANDERA,1633
10,BASTROP,5410
11,BAYLOR,309
12,BEE,1886
13,BELL,22308
14,BEXAR,83390
15,BLANCO,996
16,BORDEN,106
17,BOSQUE,2555
18,BOWIE,8168
19,BRAZORIA,14669
20,BRAZOS,13053
21,BREWSTER,798
22,BRISCOE,275
23,BROOKS,661
24,BROWN,3411
25,BURLESON,1934
26,BURNET,3854
27,CALDWELL,2414
28,CALHOUN,2171
29,CALLAHAN,1342
30,CAMERON,18135
31,CAMP,764
32,CARSON,1197
33,CASS,3099
34,CASTRO,980
35,CHAMBERS,2354
36,CHEROKEE,4002
37,CHILDRESS,472
38,CLAY,1578
39,COCHRAN,307
40,COKE,516
41,COLEMAN,575
42,COLLIN,39514
43,COLLINGSWORTH,366
44,COLORADO,1809
45,COMAL,8231
46,COMANCHE,1445
47,CONCHO,483
48,COOKE,5355
49,CORYELL,4147
50,COTTLE,184
51,CRANE,420
52,CROCKETT,361
53,CROSBY,736
54,CULBERSON,311
55,DALLAM,576
56,DALLAS,119262
57,DAWSON,870
58,DEAF SMITH,984
59,DELTA,755
60,DENTON,33986
61,DEWITT,1725
62,DICKENS,311
63,DIMMIT,1228
64,DONLEY,494
65,DUVAL,1132
66,ECTOR,9199
67,EDWARDS,291
68,EL PASO,42540
69,ELLIS,10396
70,ERATH,3226
71,FALLS,2451
72,FANNIN,3942
73,FAYETTE,3655
74,FISHER,526
75,FLOYD,375
76,FOARD,140
77,FORT BEND,29952
78,FRANKLIN,1056
79,FREESTONE,2157
80,FRIO,1641
81,GAINES,777
82,GALVESTON,14040
83,GARZA,421
84,GILLESPIE,3180
85,GLASSCOCK,167
86,GOLIAD,978
87,GONZALES,1530
88,GRAY,2003
89,GRAYSON,8234
90,GREGG,5193
91,GRIMES,2742
92,GUADALUPE,9390
93,HALE,2064
94,HALL,359
95,HAMILTON,1045
96,HANSFORD,686
97,HARDEMAN,364
98,HARDIN,4806
99,HARRIS,202725
100,HARRISON,3810
101,HARTLEY,457
102,HASKELL,808
103,HAYS,10678
104,HEMPHILL,548
105,HENDERSON,6440
106,HIDALGO,31384
107,HILL,5239
108,HOCKLEY,1772
109,HOOD,6600
110,HOPKINS,2985
111,HOUSTON,2373
112,HOWARD,1731
113,HUDSPETH,579
114,HUNT,10274
115,HUTCHINSON,1745
116,IRION,219
117,JACK,842
118,JACKSON,1242
119,JASPER,2665
120,JEFF DAVIS,267
121,JEFFERSON,10587
122,JIM HOGG,601
123,JIM WELLS,3560
124,JOHNSON,10717
125,JONES,2270
126,KARNES,1572
127,KAUFMAN,7560
128,KENDALL,2909
129,KENEDY,74
130,KENT,139
131,KERR,3686
132,KIMBLE,489
133,KING,48
134,KINNEY,285
135,KLEBERG,2175
136,KNOX,677
137,LAMAR,4665
138,LAMB,1321
139,LAMPASAS,1734
140,LASALLE,793
141,LAVACA,2868
142,LEE,1533
143,LEON,2986
144,LIBERTY,4865
145,LIMESTONE,2222
146,LIPSCOMB,786
147,LIVE OAK,1623
148,LLANO,1351
149,LUBBOCK,14037
150,LYNN,994
151,MADISON,918
152,MARION,2
153,MARTIN,453
154,MASON,384
155,MATAGORDA,2777
156,MAVERICK,4007
157,MCCULLOCH,767
158,MCLENNAN,17809
159,MCMULLEN,154
160,MEDINA,2616
161,MENARD,226
162,MIDLAND,8857
163,MILAM,1628
164,MILLS,556
165,MITCHELL,689
166,MONTAGUE,1784
167,MONTGOMERY,34952
168,MOORE,1762
169,MORRIS,1193
170,MOTLEY,90
171,NACOGDOCHES,4256
172,NAVARRO,5034
173,NEWTON,2051
174,NOLAN,1804
175,NUECES,15283
176,OCHILTREE,917
177,OLDHAM,388
178,ORANGE,5506
179,PALO PINTO,2879
180,PANOLA,3286
181,PARKER,10134
182,PARMER,1348
183,PECOS,800
184,POLK,3333
185,POTTER,6388
186,PRESIDIO,406
187,RAINS,1018
188,RANDALL,8353
189,REAGAN,224
190,REAL,339
191,RED RIVER,1543
192,REEVES,867
193,REFUGIO,847
194,ROBERTS,188
195,ROBERTSON,1558
196,ROCKWALL,5399
197,RUNNELS,1127
198,RUSK,5161
199,SABINE,1166
200,SAN AUGUSTINE,1076
201,SAN JACINTO,2229
202,SAN PATRICIO,3919
203,SAN SABA,734
204,SCHLEICHER,253
205,SCURRY,1229
206,SHACKELFORD,182
207,SHELBY,3090
208,SHERMAN,310
209,SMITH,10347
210,SOMERVELL,675
211,STARR,3243
212,STEPHENS,785
213,STERLING,154
214,STONEWALL,192
215,SUTTON,228
216,SWISHER,595
217,TARRANT,100764
218,TAYLOR,9560
219,TERRELL,98
220,TERRY,732
221,THROCKMORTON,353
222,TITUS,2312
223,TOM GREEN,11662
224,TRAVIS,50558
225,TRINITY,1591
226,TYLER,2836
227,UPSHUR,3527
228,UPTON,241
229,UVALDE,2089
230,VAL VERDE,2436
231,VAN ZANDT,8827
232,VICTORIA,6268
233,WALKER,4235
234,WALLER,3427
235,WARD,937
236,WASHINGTON,2935
237,WEBB,14465
238,WHARTON,2219
239,WHEELER,701
240,WILBARGER,795
241,WILLACY,2048
242,WILLIAMSON,28211
243,WILSON,4136
244,WINKLER,664
245,WISE,4969
246,WOOD,2964
247,YOAKUM,500
248,YOUNG,1149
249,ZAPATA,1449
250,ZAVALA,1083
